袚谢褍斜懈薪邪;袚芯褉薪邪褟 锌芯褉芯写邪
22;锌械褋褔邪薪懈泻
32;锌械褋褔邪薪懈泻
42;锌械褋褔邪薪懈泻
62;锌械褋褔邪薪懈泻
72;锌械褋褔邪薪懈泻
102;锌械褋褔邪薪懈泻
112;锌械褋褔邪薪懈泻
142;锌械褋褔邪薪懈泻
152;锌械褋褔邪薪懈泻
162;锌械褋褔邪薪懈泻
172;锌械褋褔邪薪懈泻
192;锌械褋褔邪薪懈泻
202;谐谢懈薪邪
212;谐谢懈薪邪
222;谐谢懈薪邪
242;谐谢懈薪邪
262;谐谢懈薪邪
312;谐谢懈薪邪
342;锌械褋褔邪薪懈泻
352;锌械褋褔邪薪懈泻
362;锌械褋褔邪薪懈泻
372;锌械褋褔邪薪懈泻
382;锌械褋褔邪薪懈泻
392;锌械褋褔邪薪懈泻
402;锌械褋褔邪薪懈泻
412;锌械褋褔邪薪懈泻
442;锌械褋褔邪薪懈泻
452;锌械褋褔邪薪懈泻
472;锌械褋褔邪薪懈泻
502;锌械褋褔邪薪懈泻
522;邪谢械胁褉芯谢懈褌
562;邪谢械胁褉芯谢懈褌
592;邪谢械胁褉芯谢懈褌
612;邪谢械胁褉芯谢懈褌
622;锌械褋褔邪薪懈泻
802;锌械褋褔邪薪懈泻
882;锌械褋褔邪薪懈泻
902;邪谢械胁褉芯谢懈褌
952;邪谢械胁褉芯谢懈褌
982;邪谢械胁褉芯谢懈褌
1042;锌械褋褔邪薪懈泻
1122;锌械褋褔邪薪懈泻
1222;邪谢械胁褉芯谢懈褌
1332;谐谢懈薪邪
1352;谐谢懈薪邪
1372;谐谢懈薪邪
1382;锌械褋褔邪薪懈泻
1412;锌械褋褔邪薪懈泻
1422;锌械褋褔邪薪懈泻
1582;锌械褋褔邪薪懈泻
1642;谐谢懈薪邪
1662;谐谢懈薪邪
1682;谐谢懈薪邪
1722;谐谢懈薪邪
1742;谐谢懈薪邪
1792;谐谢懈薪邪
1922;谐谢懈薪邪
2182;谐谢懈薪邪
2212;懈蟹胁械褋褌薪褟泻 锌芯褉懈褋褌褘泄
2222;屑械褉谐械谢褜
2272;谐谢懈薪邪
2282;屑械褉谐械谢褜
2312;泻邪褉斜芯薪邪褌褘(懈蟹胁械褋褌薪褟泻/写芯谢芯屑懈褌)
2322;谐谢懈薪邪
2332;邪谢械胁褉芯谢懈褌 谐谢懈薪懈褋褌褘泄
2342;屑械褉谐械谢褜
2352;锌械褋褔邪薪懈泻
2372;邪谢械胁褉芯谢懈褌 锌械褋褔邪薪懈褋褌褘泄
2382;屑械褉谐械谢褜
2392;邪谢械胁褉芯谢懈褌 锌械褋褔邪薪懈褋褌褘泄
2402;邪褉谐懈谢谢懈褌
2422;邪谢械胁褉芯谢懈褌 
2432;褋谢邪薪械褑 谐谢懈薪懈褋褌褘泄
2442;邪褉谐懈谢谢懈褌
2452;褋谢邪薪械褑 泻褉懈褋褌邪谢谢懈褔械褋泻懈泄
2462;褋谢邪薪械褑 泻褉懈褋褌邪谢谢懈褔械褋泻懈泄
